Employee_Id,Age,Experience_Years,Education_Level,Job_Level,Department,Performance_Score,Weekly_Working_Hours,Salary_LPA
1,30,6,Bachelor,2,HR,3,43.1,18.71
2,40,19,Bachelor,5,Marketing,8,40.8,42.69
3,39,14,PhD,4,Finance,2,44.8,39.37
4,38,10,Master,4,IT,4,37.1,33.53
5,34,7,Bachelor,3,IT,3,48.5,25.56
6,40,20,Bachelor,6,HR,10,35.6,46.19
7,29,6,Master,2,HR,1,41.0,18.08
8,42,18,Bachelor,5,Operations,7,43.7,39.22
9,32,10,Bachelor,4,IT,10,39.3,33.55
10,32,10,Master,3,Marketing,2,38.6,25.67
11,42,20,Bachelor,6,Finance,4,42.9,44.31
12,23,3,Bachelor,2,Operations,9,42.3,18.56
13,29,7,Bachelor,2,Finance,6,42.0,21.17
14,21,2,Master,1,Finance,8,45.4,18.2
15,44,20,Master,6,Finance,2,40.4,46.38
16,21,1,Bachelor,2,Marketing,7,43.3,18.22
17,39,11,Bachelor,4,Operations,6,40.0,30.04
18,29,5,Bachelor,2,IT,9,38.6,23.3
19,21,1,Master,2,IT,7,40.9,20.75
20,44,20,Master,6,Operations,1,40.0,43.58
21,28,0,Bachelor,2,Finance,8,40.2,18.54
22,37,11,Bachelor,4,Marketing,3,42.5,30.02
23,31,9,Bachelor,3,Marketing,3,42.1,24.39
24,36,15,Bachelor,5,Marketing,6,42.4,37.82
25,36,14,Bachelor,5,IT,3,37.3,36.93
26,39,14,Bachelor,4,IT,10,40.8,37.76
27,37,18,Bachelor,5,Marketing,5,40.6,39.2
28,35,11,Master,3,IT,6,41.3,33.21
29,40,19,Bachelor,5,Operations,8,44.9,42.5
30,30,2,Master,1,IT,7,42.5,19.77
31,29,4,PhD,3,HR,8,46.9,31.78
32,46,18,Bachelor,6,Operations,3,42.0,39.16
33,26,6,Bachelor,2,HR,4,49.1,19.23
34,40,20,Bachelor,6,Finance,6,40.2,45.57
35,30,8,Bachelor,3,HR,7,38.9,24.36
36,25,6,Bachelor,2,IT,9,44.2,23.71
37,38,17,Master,5,IT,1,47.5,42.92
38,30,3,Master,1,Operations,8,36.5,18.45
39,38,13,Bachelor,4,Marketing,8,41.2,34.65
40,42,17,Master,6,HR,6,39.6,44.22
41,30,8,Bachelor,3,IT,4,42.6,25.82
42,40,20,Master,6,IT,3,42.0,48.23
43,23,1,Master,2,IT,3,47.4,20.31
44,43,19,Master,5,Finance,6,41.6,42.27
45,35,14,Bachelor,4,Marketing,8,47.5,36.05
46,25,6,Bachelor,2,Finance,7,40.7,24.52
47,25,6,Bachelor,2,Finance,7,40.7,24.52
48,37,11,PhD,3,Marketing,1,45.7,32.13
49,30,7,Bachelor,2,IT,6,42.9,23.14
50,37,14,PhD,5,IT,7,48.9,46.97
51,24,2,Bachelor,1,IT,7,36.1,16.99
52,37,13,Bachelor,4,Finance,9,37.3,34.67
53,37,16,Bachelor,5,IT,10,49.3,44.89
54,30,3,Bachelor,1,Operations,5,39.1,12.72
55,40,17,PhD,5,IT,1,39.3,47.1
56,28,7,Bachelor,2,Operations,2,38.5,19.55
57,22,3,Bachelor,1,Finance,4,46.6,13.98
58,29,1,Bachelor,1,Operations,5,37.0,10.96
59,29,5,Bachelor,2,Finance,9,42.1,22.14
60,29,9,Bachelor,3,Operations,1,40.9,21.96
61,24,3,Bachelor,2,IT,3,46.1,17.25
62,36,17,Master,5,Marketing,5,39.7,39.87
63,38,11,Bachelor,3,Operations,3,43.7,26.7
64,27,1,Bachelor,1,IT,4,37.3,14.74
65,29,9,Bachelor,3,IT,3,51.1,28.38
66,29,3,Bachelor,1,Finance,4,41.0,13.85
67,40,13,PhD,4,Operations,1,42.0,37.93
68,34,15,Bachelor,4,Finance,8,48.6,36.91
69,37,14,Bachelor,4,Finance,4,39.7,33.81
70,33,7,Master,3,IT,7,48.7,29.13
71,33,13,Bachelor,4,IT,2,40.4,31.91
72,29,7,Bachelor,2,Marketing,2,44.7,18.34
73,45,20,PhD,6,IT,6,39.7,54.0
74,36,15,Master,5,HR,2,36.6,34.69
75,35,12,PhD,5,Operations,6,43.7,42.24
76,43,17,Bachelor,5,IT,2,44.6,40.35
77,42,14,Bachelor,4,HR,4,36.7,29.64
78,41,20,Bachelor,6,IT,7,40.8,46.44
79,34,12,Bachelor,5,HR,8,46.8,34.52
80,35,8,Master,3,IT,3,44.4,29.3
81,39,14,Bachelor,4,Marketing,9,40.4,34.37
82,31,12,Master,4,IT,2,39.6,34.11
83,22,0,Master,2,Finance,8,49.8,19.6
84,28,6,Bachelor,2,HR,8,36.2,22.27
85,35,8,Bachelor,4,IT,4,41.8,29.43
86,24,0,Master,1,Marketing,1,36.1,12.42
87,38,11,Bachelor,3,IT,1,47.3,27.78
88,31,7,Master,2,HR,2,42.0,20.26
89,34,10,Bachelor,4,IT,9,42.7,34.25
90,41,18,Bachelor,5,HR,2,53.1,36.28
91,39,16,Master,6,IT,2,39.6,43.53
92,27,7,PhD,3,Finance,6,49.0,31.46
93,28,2,Bachelor,1,IT,7,40.4,15.14
94,28,2,Master,1,Marketing,7,41.1,19.54
95,21,0,Bachelor,1,IT,9,52.6,17.39
96,30,4,Master,2,Operations,6,41.4,22.57
97,32,9,Master,3,Operations,8,36.5,28.22
98,26,6,Bachelor,2,IT,6,43.1,21.15
99,28,8,Bachelor,3,HR,2,41.3,20.13
100,30,6,Master,3,IT,1,43.5,25.12
101,35,8,Bachelor,4,IT,5,41.5,30.01
102,26,7,Master,2,Marketing,9,50.9,26.39
103,35,11,Bachelor,4,HR,8,44.2,30.26
104,28,1,Master,1,HR,4,37.7,13.07
105,26,0,Master,1,IT,5,42.5,16.86
106,39,15,PhD,4,IT,5,38.8,43.55
107,25,4,Bachelor,2,IT,6,41.0,22.54
108,28,2,Master,2,Marketing,3,38.4,16.99
109,38,11,Master,3,Finance,5,50.4,32.99
110,26,7,Bachelor,3,Marketing,2,39.2,21.37
111,29,2,Bachelor,1,IT,10,44.8,16.95
112,24,0,Bachelor,1,IT,1,40.7,13.05
113,26,2,Master,1,IT,1,37.4,18.07
114,26,4,Bachelor,2,IT,10,42.8,24.27
115,33,14,Bachelor,5,IT,7,43.6,39.85
116,41,13,Master,4,Marketing,2,44.2,32.66
117,28,2,Bachelor,2,Operations,4,32.0,13.5
118,21,0,Bachelor,1,Finance,5,37.1,13.17
119,23,4,PhD,2,Finance,7,45.8,27.29
120,33,13,PhD,4,IT,2,38.3,41.02
121,25,6,Bachelor,2,Operations,6,42.8,19.67
122,27,8,Bachelor,3,IT,1,37.0,23.32
123,41,14,Master,4,Operations,7,44.9,35.92
124,33,14,Bachelor,4,Finance,9,45.7,35.61
125,31,9,Bachelor,4,IT,5,44.9,31.71
126,40,12,Bachelor,5,Operations,5,46.1,32.38
127,42,18,Bachelor,5,IT,4,48.3,40.58
128,31,6,Master,2,HR,3,37.3,21.32
129,36,16,Bachelor,5,Finance,9,38.8,39.71
130,43,19,Master,5,IT,5,45.6,46.88
131,28,3,PhD,1,Finance,8,46.5,21.49
132,32,4,Bachelor,2,HR,9,39.3,20.83
133,34,6,Master,2,Marketing,5,39.0,20.65
134,32,12,Master,4,IT,10,39.4,38.4
135,34,14,Bachelor,4,Operations,9,35.6,35.01
136,38,10,Bachelor,3,IT,2,36.9,26.48
137,28,3,Master,1,IT,9,37.0,22.43
138,31,12,Master,4,IT,4,40.8,34.13
139,32,6,Master,2,IT,6,43.1,25.3
140,39,18,Bachelor,5,IT,6,43.7,41.76
141,25,1,PhD,1,Operations,6,40.0,17.62
142,36,9,Bachelor,4,IT,2,40.1,29.47
143,36,12,Bachelor,5,IT,7,42.5,39.08
144,47,20,Master,6,IT,6,36.0,49.38
145,30,5,Bachelor,2,Marketing,1,45.8,18.09
146,38,11,Bachelor,3,Operations,2,47.1,23.88
147,31,11,Bachelor,4,IT,7,39.5,35.46
148,45,19,Bachelor,5,IT,1,40.4,40.51
149,36,10,Bachelor,3,IT,1,47.0,24.84
150,26,6,PhD,3,IT,1,41.5,31.85
151,22,0,Bachelor,2,IT,8,44.4,18.42
152,25,0,Master,1,Finance,4,41.6,15.87
153,41,19,Master,5,IT,4,48.2,45.58
154,34,12,PhD,4,Finance,2,44.0,37.57
155,32,8,Bachelor,3,IT,1,44.2,25.47
156,30,2,Master,1,Operations,10,44.3,19.76
157,30,6,Bachelor,2,Operations,9,39.8,20.92
158,33,5,Master,2,Finance,7,40.1,24.35
159,28,7,Master,2,IT,4,45.1,25.91
160,35,8,Master,3,IT,6,42.5,30.76
161,32,4,Bachelor,2,Finance,2,37.3,16.14
162,21,0,Master,1,Marketing,7,49.5,16.26
163,42,18,Bachelor,5,Finance,2,45.9,40.93
164,34,9,Master,3,Operations,10,42.2,30.57
165,38,11,PhD,3,Operations,8,40.9,36.67
166,35,14,Bachelor,4,IT,8,42.8,36.38
167,36,8,PhD,4,Finance,1,44.1,32.02
168,40,19,Bachelor,6,IT,8,33.9,50.99
169,41,16,Bachelor,5,IT,2,50.4,39.38
170,38,16,Bachelor,5,Finance,6,38.8,39.59
171,45,19,Bachelor,5,IT,1,42.0,40.67
172,36,11,Master,3,Operations,5,42.1,31.06
173,29,6,Bachelor,2,IT,7,50.0,24.34
174,26,1,Bachelor,1,Finance,10,41.6,17.16
175,23,2,PhD,1,HR,1,48.4,15.45
176,36,16,Master,5,HR,2,43.6,38.87
177,28,4,Master,2,IT,7,38.2,23.92
178,36,16,Master,5,Operations,6,42.5,41.51
179,37,16,Master,5,Finance,3,41.5,38.11
180,40,16,Bachelor,5,Finance,10,37.7,42.17
181,24,1,Bachelor,2,IT,2,43.4,13.13
182,27,1,Master,1,Finance,10,42.1,18.89
183,31,4,Bachelor,3,Marketing,4,44.2,18.39
184,21,0,Master,1,HR,3,42.8,12.63
185,28,0,Bachelor,2,Marketing,7,39.4,15.49
186,39,18,Bachelor,5,Finance,8,45.1,41.48
187,22,1,Bachelor,1,IT,2,39.5,14.03
188,44,20,Master,6,IT,10,32.0,50.98
189,30,11,Master,3,IT,7,42.5,30.06
190,30,5,Master,2,HR,8,39.8,22.95
191,22,3,Bachelor,1,Marketing,6,43.5,12.31
192,33,10,Bachelor,4,IT,6,50.0,31.96
193,44,16,Master,5,Finance,10,50.1,44.79
194,31,5,Master,2,Finance,1,41.3,18.2
195,26,4,Bachelor,2,Finance,4,38.7,17.2
196,42,19,Master,5,IT,1,44.3,41.46
197,23,1,Bachelor,1,IT,4,40.5,13.88
198,27,5,Bachelor,2,IT,2,43.6,17.76
199,36,10,Bachelor,3,IT,5,39.4,28.34
200,35,15,Master,5,IT,10,43.0,46.88
201,34,15,Master,4,IT,9,38.8,42.24
202,21,0,Bachelor,1,HR,10,46.7,13.64
203,35,8,Master,4,IT,3,39.6,30.33
204,27,5,Bachelor,2,Operations,8,44.6,20.41
205,43,15,Bachelor,4,IT,3,36.9,33.42
206,25,2,Bachelor,1,IT,6,45.1,16.45
207,39,19,Bachelor,6,IT,4,38.1,42.74
208,25,3,Bachelor,1,IT,8,43.0,19.16
209,38,18,Master,6,Marketing,6,46.1,46.43
210,22,2,Master,2,IT,8,41.2,26.05
211,40,18,Bachelor,5,Operations,1,37.9,37.35
212,43,19,Bachelor,6,Operations,6,44.0,44.25
213,31,6,Bachelor,2,Finance,1,38.6,17.39
214,47,19,Bachelor,5,Finance,1,40.4,37.46
215,29,8,Bachelor,3,HR,8,43.1,26.48
216,21,0,Master,1,IT,7,47.4,18.07
217,35,7,Bachelor,2,HR,3,42.1,19.37
218,30,6,Master,2,IT,6,42.1,26.05
219,38,17,Master,5,IT,9,45.0,47.19
220,27,7,Bachelor,2,Finance,7,42.2,23.29
221,26,0,Master,1,Finance,3,44.5,12.91
222,33,10,Master,4,Operations,6,46.3,31.48
223,36,17,Master,5,IT,4,40.7,41.84
224,30,9,Bachelor,3,Marketing,3,32.0,24.32
225,30,2,Bachelor,1,IT,9,38.7,16.51
226,32,6,Bachelor,2,IT,10,46.8,24.56
227,37,15,Bachelor,4,IT,2,41.9,34.65
228,40,15,Bachelor,4,Finance,1,40.6,31.45
229,47,19,Master,6,IT,2,46.7,46.73
230,36,16,Bachelor,6,Finance,7,41.6,42.42
231,26,1,PhD,2,Marketing,10,33.6,21.95
232,23,0,Master,1,Finance,1,36.0,10.87
233,38,15,Bachelor,4,Finance,6,43.7,36.66
234,35,11,Bachelor,3,Marketing,7,41.7,27.49
235,31,4,Master,2,Marketing,9,47.8,21.49
236,28,4,Master,2,Finance,8,39.1,22.22
237,34,8,Master,3,IT,6,40.8,30.8
238,33,8,Bachelor,3,Operations,3,38.5,22.64
239,29,2,Bachelor,2,Finance,8,39.9,18.44
240,40,18,Bachelor,6,IT,7,34.4,44.77
241,35,15,Bachelor,4,IT,3,40.5,32.86
242,40,15,Master,5,Marketing,9,41.8,42.69
243,26,2,Master,1,IT,2,41.5,17.33
244,38,19,Master,5,Operations,3,50.6,43.49
245,27,0,Master,2,IT,2,49.3,17.11
246,46,19,Master,6,Marketing,1,39.0,45.06
247,30,10,Bachelor,4,IT,4,33.8,30.34
248,37,16,Bachelor,5,Finance,5,41.6,38.51
249,30,7,PhD,2,Operations,6,43.5,28.6
250,26,3,Bachelor,1,Finance,5,38.6,13.74
251,24,5,PhD,3,Finance,1,38.8,24.31
252,33,7,Master,2,IT,3,48.3,25.81
253,45,19,Bachelor,5,IT,1,41.0,40.3
254,24,2,Master,1,IT,5,44.6,18.09
255,40,15,Master,5,HR,5,38.3,39.11
256,30,2,Master,1,IT,6,41.8,19.94
257,38,17,PhD,5,IT,8,40.7,47.89
258,37,13,PhD,4,Finance,10,39.3,42.82
259,45,17,Bachelor,5,HR,1,46.6,32.39
260,29,1,Bachelor,2,Marketing,4,36.4,13.91
261,29,2,PhD,2,IT,10,43.2,28.41
262,34,15,Master,4,IT,1,40.6,36.84
263,31,8,Bachelor,3,Operations,9,43.7,25.26
264,25,3,Bachelor,1,IT,7,40.6,16.84
265,26,0,Master,1,Operations,7,45.5,11.33
266,22,3,PhD,1,Operations,5,38.2,20.53
267,27,0,Master,2,Marketing,7,46.6,18.87
268,37,13,Master,4,IT,2,41.9,35.41
269,42,20,Bachelor,6,Marketing,4,36.7,41.24
270,42,15,Bachelor,5,Marketing,7,44.7,38.65
271,42,19,Master,5,HR,3,41.2,42.68
272,30,7,Bachelor,2,IT,2,35.2,20.04
273,29,6,Bachelor,2,IT,10,43.3,26.04
274,21,2,Bachelor,1,IT,2,46.0,12.64
275,35,16,Master,6,Finance,1,47.1,42.43
276,26,0,PhD,1,HR,5,40.5,15.15
277,41,15,Bachelor,4,IT,6,42.6,37.6
278,35,11,Bachelor,3,Finance,6,42.2,28.72
279,40,18,Master,6,IT,9,48.0,49.53
280,33,13,PhD,4,HR,4,38.8,35.89
281,25,5,Bachelor,3,Operations,1,40.1,18.58
282,32,5,Bachelor,2,IT,6,38.7,22.55
283,35,12,Bachelor,4,IT,5,36.2,34.72
284,40,18,Master,5,IT,10,43.0,47.88
285,35,7,Bachelor,3,HR,6,48.4,21.98
286,21,1,Bachelor,1,Marketing,3,41.2,10.88
287,45,20,Master,6,Operations,2,38.5,46.52
288,21,0,Master,2,IT,6,42.7,18.57
289,38,14,Bachelor,5,Operations,1,44.4,31.76
290,23,0,Master,1,IT,7,41.4,18.6
291,27,4,Bachelor,2,HR,7,47.6,18.64
292,38,15,Master,4,IT,10,38.8,41.3
293,37,18,Bachelor,6,Operations,7,40.9,43.39
294,22,3,Master,1,Finance,10,43.2,22.18
295,23,2,Bachelor,1,HR,1,43.6,9.22
296,44,16,Master,5,Marketing,4,42.2,39.65
297,38,16,Master,5,IT,7,36.9,44.61
298,34,11,Master,3,IT,9,51.4,35.39
299,33,13,Master,4,Operations,5,41.1,35.56
300,46,20,Master,6,IT,2,42.4,50.12
301,25,5,Bachelor,2,IT,7,44.5,21.49
302,29,2,Bachelor,1,Finance,10,39.5,15.36
303,28,8,PhD,3,HR,1,42.2,28.17
304,31,4,Bachelor,3,IT,7,39.3,22.95
305,41,16,Master,5,IT,6,43.7,42.23
306,39,13,PhD,5,IT,7,40.9,43.21
307,40,20,Bachelor,6,Finance,10,43.1,47.99
308,27,2,Master,1,Operations,3,37.8,13.63
309,24,0,Bachelor,2,Operations,3,38.7,11.63
310,41,19,Master,5,HR,7,36.5,44.59
311,45,20,Bachelor,6,IT,2,39.2,46.02
312,22,0,Bachelor,1,Operations,1,32.0,9.52
313,22,2,Master,1,Finance,9,40.8,19.37
314,45,17,Master,5,IT,9,39.9,47.71
315,34,9,Master,3,Operations,7,42.6,29.38
316,28,2,Bachelor,2,Marketing,7,42.2,17.58
317,27,7,Bachelor,2,Marketing,3,47.0,18.8
318,36,13,Master,4,Marketing,10,52.4,36.13
319,36,17,Bachelor,5,IT,2,46.6,40.04
320,39,14,PhD,5,IT,7,40.2,47.85
321,27,1,Master,1,HR,9,40.0,14.57
322,33,9,Master,4,IT,1,45.5,31.53
323,24,1,PhD,2,Finance,4,35.3,23.16
324,40,16,Bachelor,5,Marketing,6,40.7,37.62
325,27,7,Master,2,Marketing,7,41.0,25.91
326,21,0,Bachelor,1,Finance,10,44.3,15.38
327,33,8,PhD,4,Marketing,7,44.5,35.38
328,35,10,Bachelor,3,Marketing,10,39.0,30.52
329,43,15,Master,4,HR,2,40.3,32.25
330,34,6,Master,2,IT,4,43.8,23.53
331,29,9,Bachelor,3,IT,5,38.8,26.33
332,22,2,Bachelor,1,IT,1,46.8,11.72
333,36,17,Master,5,IT,1,44.4,41.64
334,40,12,Bachelor,5,IT,10,42.7,39.3
335,32,6,Bachelor,2,IT,3,43.6,21.32
336,29,3,Bachelor,2,Finance,10,40.1,18.88
337,31,12,Bachelor,4,Operations,3,39.5,27.56
338,45,19,Master,5,IT,8,40.3,47.44
339,27,0,Master,1,Marketing,9,44.0,18.63
340,29,7,Bachelor,2,HR,1,42.8,17.18
341,32,13,Bachelor,4,IT,2,40.3,31.47
342,34,15,Bachelor,4,Operations,10,45.0,34.66
343,34,13,Bachelor,4,Finance,2,41.3,29.98
344,34,11,Bachelor,4,IT,4,39.2,31.64
345,41,18,Bachelor,5,Marketing,2,43.0,34.51
346,41,14,Bachelor,4,IT,7,37.9,34.63
347,29,1,Master,1,HR,9,35.3,15.14
348,21,1,Bachelor,1,IT,7,42.0,15.45
349,38,18,Master,6,Marketing,6,39.4,45.79
350,40,16,Master,5,Finance,10,41.0,43.95
351,46,19,Master,5,HR,1,38.1,39.76
352,28,9,Master,3,IT,10,46.8,34.44
353,32,5,Bachelor,2,HR,9,39.4,19.51
354,41,14,Master,4,Marketing,5,40.3,36.25
355,37,10,Master,3,Finance,5,43.5,30.8
356,27,4,Bachelor,2,HR,6,36.5,15.18
357,27,0,Master,1,Finance,9,36.2,17.21
358,29,7,Master,3,Operations,8,43.5,29.1
359,40,20,Bachelor,6,Finance,8,40.2,48.18
360,35,11,Bachelor,3,Marketing,8,38.4,28.97
361,33,11,Bachelor,4,Marketing,1,44.4,27.37
362,28,4,Master,2,Finance,1,38.8,19.36
363,27,6,Master,2,IT,8,40.9,27.74
364,27,3,PhD,1,Finance,5,38.4,21.51
365,25,5,Master,3,Marketing,9,43.2,27.73
366,32,12,Bachelor,5,IT,2,47.3,34.78
367,46,19,Bachelor,5,Finance,9,34.6,41.46
368,39,14,Master,5,Marketing,8,42.5,40.59
369,23,2,Master,2,IT,9,45.4,23.57
370,26,7,PhD,3,HR,4,40.3,27.87
371,45,19,Bachelor,5,IT,1,37.5,41.32
372,39,15,Bachelor,4,IT,1,43.7,34.64
373,37,12,Master,4,Marketing,5,46.0,32.2
374,44,17,Master,5,IT,2,45.6,40.9
375,32,9,Master,3,IT,8,43.5,32.29
376,37,18,Master,6,Operations,10,42.4,47.42
377,44,16,Bachelor,5,IT,5,38.4,40.1
378,43,18,Master,5,Operations,5,45.5,40.5
379,27,4,Master,2,Operations,2,45.2,19.67
380,41,20,Master,6,IT,7,37.4,50.49
381,35,8,Master,4,IT,8,43.5,34.67
382,30,11,Bachelor,3,Marketing,10,44.6,30.3
383,39,20,Bachelor,6,Finance,1,45.5,42.29
384,21,0,PhD,1,IT,2,41.7,16.2
385,21,0,Bachelor,1,Marketing,10,38.6,14.1
386,38,14,PhD,5,IT,4,40.0,44.12
387,29,1,Bachelor,1,Operations,5,38.0,9.99
388,36,15,Master,4,IT,2,41.8,38.31
389,33,7,Master,2,IT,1,41.0,23.88
390,40,12,PhD,4,IT,9,50.6,46.62
391,40,20,Bachelor,6,Operations,1,45.6,42.3
392,27,0,Master,2,HR,4,45.9,15.2
393,36,15,Bachelor,4,Marketing,2,43.9,30.58
394,29,6,Bachelor,2,IT,4,40.5,20.55
395,32,4,Master,3,IT,8,40.9,27.47
396,28,2,Master,1,IT,8,41.3,20.33
397,31,11,PhD,3,Finance,9,42.8,35.68
398,39,15,Bachelor,4,Finance,5,43.6,35.36
399,41,18,Bachelor,5,HR,7,42.0,39.62
400,32,4,Bachelor,2,IT,3,40.8,19.45
401,40,13,Bachelor,5,Operations,10,39.6,36.15
402,27,4,Bachelor,3,IT,4,36.4,22.61
403,34,14,Master,5,Operations,10,47.1,43.53
404,39,16,Bachelor,5,IT,9,50.8,42.28
405,35,13,PhD,4,Finance,10,46.8,42.33
406,44,19,PhD,5,IT,10,37.0,53.26
407,28,4,Master,3,Finance,1,45.1,21.4
408,31,11,PhD,3,Finance,2,46.1,32.96
409,38,15,Master,4,Finance,5,40.4,39.1
410,40,15,Bachelor,4,Finance,3,44.0,32.27
411,45,20,Bachelor,6,Marketing,2,40.2,43.87
412,29,6,Bachelor,2,HR,1,48.1,15.9
413,30,3,Master,2,Marketing,10,43.5,21.88
414,22,0,Master,1,IT,3,38.3,15.74
415,25,4,Bachelor,2,HR,1,44.7,14.46
416,31,9,Master,3,HR,1,46.2,24.91
417,27,4,Master,2,IT,1,42.8,19.75
418,27,3,Bachelor,1,Finance,8,43.9,16.88
419,22,1,PhD,1,IT,3,41.7,17.65
420,39,19,Bachelor,5,IT,1,37.5,39.86
421,31,9,Bachelor,4,IT,7,41.4,33.67
422,41,18,Master,5,IT,10,44.1,46.01
423,22,0,Bachelor,2,HR,3,41.5,11.48
424,25,4,Master,2,HR,8,45.2,20.87
425,38,12,Bachelor,4,Operations,4,40.4,27.82
426,31,3,Bachelor,2,Marketing,4,40.7,13.64
427,37,15,PhD,4,IT,5,45.3,41.81
428,35,15,Bachelor,5,Operations,6,42.9,36.59
429,21,1,Bachelor,1,Operations,7,40.4,14.01
430,35,16,Bachelor,6,Finance,4,46.1,39.56
431,41,19,PhD,5,HR,8,39.2,48.14
432,39,11,Bachelor,3,Operations,6,39.1,27.04
433,44,17,Bachelor,6,Finance,1,32.0,41.17
434,27,2,Bachelor,1,Operations,1,39.8,10.22
435,28,0,Bachelor,2,IT,9,47.2,20.58
436,25,0,Master,1,IT,10,33.7,20.04
437,43,18,Master,5,Finance,6,38.2,42.45
438,36,10,Bachelor,4,HR,10,43.8,30.92
439,23,4,Master,2,Marketing,8,33.0,23.28
440,39,11,Bachelor,3,Operations,7,40.0,25.04
441,30,2,PhD,1,IT,6,46.6,22.51
442,26,0,PhD,1,IT,4,50.2,19.02
443,22,0,Bachelor,1,Marketing,7,43.2,12.79
444,29,7,Master,2,HR,9,38.3,24.06
445,31,9,Master,4,IT,10,38.2,37.56
446,34,10,Bachelor,3,Finance,10,42.6,30.18
447,36,11,Bachelor,3,Marketing,7,43.1,26.39
448,36,12,Bachelor,4,Marketing,1,49.4,27.1
449,30,11,Master,4,Finance,10,45.9,37.61
450,39,13,PhD,4,IT,9,42.3,42.96
451,29,1,Master,1,Operations,4,40.7,13.07
452,43,18,Master,5,HR,3,54.1,42.0
453,41,17,Master,5,Finance,4,44.5,42.82
454,26,2,Master,2,IT,4,39.3,22.8
455,39,16,Master,5,Marketing,10,41.1,43.31
456,31,7,Bachelor,3,IT,2,38.5,22.96
457,36,9,Master,3,IT,1,32.4,27.79
458,29,1,Master,1,Finance,10,43.3,18.64
459,45,18,Bachelor,5,IT,1,49.1,39.04
460,36,8,Master,4,HR,8,35.5,30.7
461,32,6,Bachelor,3,IT,2,42.2,25.16
462,31,3,Bachelor,1,HR,10,39.2,16.53
463,47,20,Master,6,IT,5,44.1,50.75
464,45,17,Bachelor,5,IT,4,41.3,42.08
465,38,12,Bachelor,4,IT,8,36.6,36.01
466,36,10,Bachelor,3,Operations,2,38.1,21.89
467,22,3,Master,2,Operations,10,38.7,23.41
468,48,20,Bachelor,6,IT,9,47.4,50.86
469,26,3,PhD,1,Marketing,7,47.2,23.16
470,31,9,Bachelor,4,HR,7,40.8,28.33
471,24,4,PhD,3,Operations,1,46.9,25.86
472,34,8,PhD,3,IT,2,41.3,31.78
473,23,2,Bachelor,2,HR,4,40.7,13.08
474,38,16,Bachelor,5,IT,4,42.2,38.5
475,27,2,Bachelor,1,IT,3,43.1,14.94
476,43,15,Master,4,Operations,7,39.8,36.0
477,30,3,Bachelor,2,Finance,8,42.1,18.84
478,37,17,Bachelor,6,IT,2,45.1,43.26
479,37,16,Bachelor,6,IT,4,42.5,42.76
480,28,6,Bachelor,2,Marketing,3,42.2,18.82
481,32,4,Bachelor,2,HR,2,44.0,13.45
482,30,11,Master,3,IT,6,44.7,33.89
483,41,16,PhD,5,Operations,4,41.7,42.54
484,32,12,Bachelor,4,IT,6,40.1,32.69
485,25,2,Master,1,IT,2,42.8,15.82
486,27,8,Bachelor,3,Operations,4,35.6,24.28
487,37,16,Master,5,IT,6,41.2,43.16
488,36,16,PhD,5,IT,5,32.1,48.86
489,38,19,Master,6,Finance,3,35.3,42.95
490,40,15,PhD,4,Marketing,8,34.7,39.97
491,35,12,Bachelor,5,IT,7,46.2,39.84
492,37,18,Master,6,Operations,3,42.1,45.51
493,40,16,Master,5,Marketing,6,37.0,39.72
494,26,3,Bachelor,1,IT,4,44.0,15.75
495,32,11,PhD,4,Marketing,5,46.0,38.23
496,33,8,Bachelor,3,IT,5,44.0,26.69
497,46,18,Master,5,Finance,7,41.2,44.63
498,38,11,Bachelor,3,Marketing,5,42.9,26.95
499,35,8,Bachelor,3,Operations,3,45.6,21.02
500,33,6,Master,2,IT,10,40.1,27.59
501,33,13,Master,4,Finance,5,42.1,35.78
502,40,19,Bachelor,6,Finance,7,41.0,45.6
503,43,18,Bachelor,5,IT,5,35.5,39.11
504,37,14,Master,4,IT,5,45.7,39.31
505,35,15,Bachelor,5,IT,9,50.2,42.57
506,41,20,Bachelor,6,HR,3,38.5,40.26
507,32,4,PhD,3,Finance,6,45.9,32.03
508,26,2,Master,1,IT,1,38.6,15.02
509,36,11,Bachelor,4,Marketing,10,42.5,33.01
510,46,19,Master,5,Marketing,5,48.0,44.31
511,39,20,Master,6,Finance,8,39.9,52.15
512,28,3,Master,1,IT,5,41.9,19.97
513,46,20,Bachelor,6,HR,9,34.8,46.13
514,36,15,Bachelor,4,IT,6,39.3,35.19
515,28,6,Bachelor,2,IT,8,34.4,23.36
516,40,12,Bachelor,4,Marketing,10,43.7,33.66
517,44,20,Master,6,IT,8,45.3,52.67
518,37,9,Bachelor,3,IT,3,41.1,27.24
519,31,6,Master,3,IT,7,43.1,31.46
520,35,13,Bachelor,5,IT,7,40.7,36.07
521,30,4,Bachelor,2,IT,10,45.0,22.94
522,25,2,Master,2,Operations,6,42.5,20.76
523,29,10,Bachelor,3,IT,7,34.1,27.5
524,32,10,Bachelor,3,IT,2,45.8,27.83
525,38,17,Master,6,IT,9,40.4,50.89
526,41,14,Bachelor,5,Operations,10,36.9,38.12
527,37,11,Master,3,Finance,10,40.2,32.26
528,27,8,Master,3,IT,1,34.4,26.46
529,33,9,Bachelor,3,Operations,1,37.0,23.41
530,38,11,Master,3,IT,3,42.6,32.95
531,41,16,Bachelor,6,IT,3,42.9,42.23
532,27,5,Bachelor,2,IT,1,43.2,17.38
533,25,6,Bachelor,2,IT,7,42.0,25.3
534,33,13,Bachelor,5,IT,4,39.2,37.57
535,35,12,PhD,4,HR,10,41.8,39.05
536,30,7,Bachelor,2,IT,2,40.3,21.09
537,35,9,Bachelor,4,Finance,10,35.5,32.45
538,32,8,Bachelor,3,IT,5,38.9,25.8
539,43,17,Master,6,IT,6,45.6,48.42
540,21,1,Bachelor,1,Finance,9,48.4,17.4
541,25,4,Bachelor,2,Operations,4,44.6,16.41
542,28,4,Master,2,IT,2,48.2,23.21
543,33,5,Bachelor,2,HR,5,42.3,15.48
544,39,18,Bachelor,5,IT,3,49.0,43.63
545,31,7,Bachelor,2,IT,2,50.2,21.53
546,39,15,Bachelor,5,IT,1,35.1,37.3
547,32,12,Master,5,IT,10,42.9,43.19
548,25,0,Bachelor,1,IT,2,42.3,10.7
549,39,19,Bachelor,5,IT,6,40.3,43.03
550,40,16,Bachelor,5,Marketing,8,44.0,37.33
551,25,6,Master,2,IT,3,42.2,24.45
552,33,12,Master,4,Finance,9,39.1,37.51
553,23,3,Bachelor,1,IT,9,41.9,18.52
554,28,3,Master,1,Finance,2,46.8,17.0
555,27,5,Master,3,Finance,8,42.7,27.81
556,44,18,Master,5,IT,10,44.5,48.89
557,35,11,Master,4,IT,5,40.9,36.63
558,34,6,Bachelor,2,Marketing,4,43.8,18.24
559,31,9,Bachelor,3,Operations,10,37.2,26.52
560,41,18,Bachelor,5,IT,5,40.0,39.48
561,33,6,Bachelor,2,IT,4,41.6,21.38
562,27,2,PhD,2,Operations,8,36.9,24.59
563,40,12,Bachelor,4,IT,4,38.7,30.91
564,39,12,Bachelor,4,Finance,10,43.3,36.97
565,42,17,Master,5,IT,6,42.5,43.56
566,38,19,Bachelor,5,IT,2,45.2,38.34
567,33,7,Bachelor,3,HR,5,39.6,24.06
568,30,8,Bachelor,3,Finance,6,42.2,23.61
569,27,6,Bachelor,3,IT,5,39.3,26.05
570,25,0,Master,2,Finance,2,44.8,17.45
571,23,2,Bachelor,1,Marketing,7,46.8,14.88
572,38,12,Bachelor,4,HR,4,43.9,28.78
573,40,16,Bachelor,5,IT,8,46.2,42.9
574,23,0,Bachelor,1,Finance,7,42.1,14.68
575,27,5,Master,2,Marketing,7,45.2,21.93
576,46,20,Bachelor,6,Marketing,9,42.3,47.91
577,31,5,Bachelor,2,HR,1,37.9,15.75
578,30,11,PhD,3,IT,10,43.0,40.04
579,39,12,Master,4,Marketing,6,38.0,33.59
580,35,12,Bachelor,5,HR,6,51.4,35.63
581,36,14,Master,4,IT,6,40.7,39.27
582,44,20,Master,6,Finance,6,44.6,47.75
583,39,15,Master,4,IT,10,42.0,41.77
584,40,20,Bachelor,6,HR,7,37.1,45.0
585,36,10,PhD,3,IT,10,34.4,38.29
586,29,4,Bachelor,3,HR,6,45.0,22.1
587,22,3,Bachelor,2,Operations,1,48.2,13.85
588,25,2,Bachelor,1,Marketing,3,39.1,10.08
589,42,18,Bachelor,5,Operations,2,35.4,38.86
590,41,19,Master,6,Operations,6,40.7,44.29
591,37,17,Bachelor,5,IT,8,38.3,41.91
592,36,14,Bachelor,4,HR,3,39.4,30.44
593,27,8,Master,3,Finance,10,44.4,32.94
594,41,16,Bachelor,5,Operations,8,41.8,39.72
595,33,13,Bachelor,4,IT,8,38.7,38.72
596,34,14,Bachelor,4,Operations,5,44.4,32.16
597,27,0,Bachelor,1,HR,8,44.7,11.23
598,43,20,Bachelor,6,Marketing,6,40.7,44.39
599,22,2,Master,1,IT,5,42.6,17.97
600,42,15,Bachelor,4,IT,9,44.1,38.65
601,37,10,Bachelor,3,Marketing,7,43.7,26.27
602,30,11,Master,3,IT,8,42.2,35.27
603,30,9,Master,4,Marketing,1,47.7,29.66
604,37,15,Bachelor,4,IT,2,44.3,32.68
605,32,7,Bachelor,2,HR,8,40.2,22.23
606,33,5,Bachelor,3,IT,9,40.2,25.74
607,33,11,Bachelor,3,HR,4,39.8,23.61
608,40,20,Bachelor,6,HR,10,44.5,46.66
609,32,7,Bachelor,3,IT,10,39.5,26.9
610,27,3,PhD,2,IT,9,40.3,29.53
611,28,7,Bachelor,2,IT,4,46.2,19.04
612,41,17,Master,6,HR,10,42.8,45.64
613,28,4,Bachelor,2,Finance,10,46.8,24.23
614,31,8,Master,3,Marketing,10,45.2,29.99
615,25,3,Master,1,Finance,9,37.3,19.27
616,44,16,Master,5,Finance,7,41.6,44.31
617,27,8,Bachelor,4,IT,2,46.0,27.43
618,28,0,Master,1,IT,9,37.1,19.73
619,44,20,Bachelor,6,IT,4,43.7,47.51
620,39,19,Master,5,Operations,8,41.8,45.07
621,33,12,Bachelor,4,Operations,7,35.0,29.42
622,41,15,Bachelor,5,IT,7,42.5,39.78
623,40,12,Bachelor,4,HR,8,38.7,34.85
624,37,13,Bachelor,5,Marketing,1,37.3,31.4
625,23,2,Bachelor,1,Finance,5,42.0,17.39
626,30,5,Bachelor,2,IT,2,34.3,20.54
627,39,17,PhD,5,IT,2,39.3,46.32
628,45,18,Master,5,Finance,1,52.2,41.78
629,27,4,PhD,2,Operations,5,44.6,23.86
630,35,14,Bachelor,4,HR,2,38.5,29.27
631,21,1,Master,1,IT,4,47.6,16.43
632,29,9,Master,3,IT,3,38.0,28.96
633,38,17,Master,5,Marketing,3,39.8,38.25
634,32,12,Master,4,Marketing,2,37.4,29.89
635,26,4,Bachelor,2,HR,6,43.0,19.0
636,21,0,Master,2,HR,2,47.5,12.87
637,28,0,Bachelor,1,IT,8,38.0,16.3
638,44,17,Bachelor,6,Marketing,8,33.8,40.58
639,34,14,Bachelor,4,Marketing,5,46.4,33.72
640,43,16,PhD,6,IT,10,48.2,53.71
641,34,10,Master,3,Marketing,7,34.0,31.26
642,39,20,PhD,6,IT,4,43.8,52.71
643,38,16,Master,5,IT,1,42.9,38.07
644,31,12,Bachelor,5,IT,2,38.9,34.19
645,24,0,Bachelor,1,IT,10,36.4,16.6
646,23,1,Bachelor,1,IT,10,46.0,17.87
647,29,8,Bachelor,3,Finance,4,42.7,25.41
648,23,2,Bachelor,2,Finance,1,43.0,13.81
649,27,0,Bachelor,2,Finance,8,39.5,15.54
650,44,20,Bachelor,6,IT,9,38.8,47.75
651,42,15,PhD,4,IT,4,32.2,40.91
652,28,5,Bachelor,3,HR,10,41.1,23.31
653,36,16,Master,5,IT,3,47.8,45.06
654,30,4,Master,2,IT,2,38.4,22.48
655,27,4,Bachelor,3,Operations,5,35.9,20.75
656,25,5,Bachelor,2,Marketing,3,43.7,17.93
657,24,2,Bachelor,1,Operations,10,44.5,16.12
658,47,20,Bachelor,6,Finance,7,39.7,46.59
659,26,4,Master,2,IT,6,40.6,23.94
660,42,20,Bachelor,6,HR,1,43.1,40.65
661,24,4,Bachelor,2,IT,8,41.4,19.6
662,33,9,Bachelor,3,Finance,2,46.0,24.09
663,29,9,PhD,3,IT,5,51.7,35.15
664,43,18,Master,5,Marketing,9,35.2,43.37
665,37,16,Master,6,IT,8,46.9,47.88
666,41,20,Bachelor,6,Operations,2,42.4,42.05
667,36,13,Master,4,Operations,9,47.6,38.23
668,29,8,Master,4,Finance,5,44.9,32.1
669,33,13,Master,5,Marketing,10,42.2,42.12
670,28,0,PhD,1,HR,6,45.0,18.91
671,45,18,Bachelor,5,Marketing,3,40.4,37.42
672,32,12,PhD,4,Finance,3,38.9,37.99
673,32,12,PhD,4,Marketing,10,45.2,39.32
674,29,3,Bachelor,1,Finance,8,38.6,15.88
675,27,0,Bachelor,1,Operations,10,44.6,13.47
676,41,16,PhD,6,Finance,10,42.1,53.81
677,28,7,Bachelor,3,Finance,2,32.7,22.17
678,28,1,Bachelor,2,Marketing,2,39.7,11.42
679,28,7,PhD,2,Marketing,5,43.3,28.08
680,29,6,Master,2,Finance,6,40.4,25.02
681,28,1,Bachelor,2,IT,2,32.0,14.8
682,23,2,Master,1,Finance,5,47.3,18.06
683,42,17,Bachelor,5,Operations,7,42.7,36.22
684,30,11,Bachelor,3,Marketing,10,43.8,27.01
685,22,0,Bachelor,1,Marketing,10,40.1,12.79
686,33,11,Master,3,IT,8,44.1,34.66
687,29,4,Bachelor,3,Finance,7,49.3,25.63
688,42,16,Master,5,HR,8,39.1,39.88
689,34,15,Master,5,Marketing,9,48.7,41.77
690,37,14,Bachelor,5,IT,5,43.6,38.54
691,39,14,Master,4,Operations,5,38.5,34.24
692,26,4,Bachelor,3,Finance,10,50.8,25.2
693,42,20,Master,6,IT,4,43.6,48.58
694,35,13,Bachelor,4,IT,9,44.7,38.65
695,25,1,PhD,2,IT,5,40.9,25.91
696,35,10,Bachelor,3,Finance,2,38.8,24.83
697,38,18,Bachelor,5,IT,10,42.7,47.0
698,29,6,Master,2,IT,8,48.3,27.97
699,27,5,Bachelor,2,Marketing,7,40.8,21.15
700,22,1,Bachelor,1,IT,8,41.9,15.37
701,30,5,Master,2,IT,3,47.8,22.44
702,41,17,Master,5,Finance,4,40.8,40.82
703,26,1,Master,1,Finance,5,44.0,16.02
704,40,17,Bachelor,5,Marketing,6,45.5,39.36
705,38,14,Master,4,Finance,1,41.2,34.34
706,41,18,Bachelor,5,Marketing,4,43.2,41.02
707,26,1,Master,1,HR,10,44.6,18.28
708,39,19,Master,5,IT,5,40.4,44.81
709,28,5,Bachelor,3,IT,7,45.3,25.82
710,24,0,Bachelor,1,Finance,5,39.8,13.74
711,38,14,Bachelor,4,IT,1,39.3,33.23
712,32,9,Bachelor,4,Marketing,7,35.9,30.96
713,46,18,Bachelor,5,HR,8,40.0,39.42
714,41,16,Bachelor,5,IT,7,38.7,40.19
715,32,4,Master,2,IT,4,40.4,21.6
716,29,3,Bachelor,2,IT,8,44.4,21.02
717,34,9,PhD,3,Finance,5,35.1,31.33
718,39,16,Bachelor,5,Finance,10,34.1,41.48
719,28,9,Master,4,Finance,9,39.0,35.09
720,39,16,Master,6,IT,10,43.8,51.21
721,47,19,Bachelor,5,HR,5,43.2,37.04
722,24,4,Bachelor,3,Operations,1,38.9,16.43
723,24,1,Master,1,IT,9,46.7,21.4
724,28,5,Bachelor,2,Finance,5,39.4,19.57
725,40,20,PhD,6,Operations,6,43.8,51.46
726,24,1,Bachelor,1,IT,4,40.5,15.21
727,34,12,PhD,4,HR,6,38.5,36.07
728,29,10,Bachelor,3,IT,8,39.6,29.39
729,31,10,Master,3,HR,3,44.9,25.93
730,34,15,Master,5,IT,5,43.4,39.86
731,33,10,Master,3,Operations,2,45.9,27.03
732,40,18,Bachelor,6,Marketing,2,43.4,39.94
733,39,14,Master,4,Marketing,7,35.6,35.52
734,38,15,Bachelor,4,Marketing,10,50.5,36.29
735,38,10,Master,3,HR,10,43.5,31.36
736,37,15,Bachelor,5,Finance,10,44.1,40.12
737,27,7,Master,2,Operations,6,40.5,23.56
738,25,3,Bachelor,1,Operations,4,46.5,13.42
739,27,7,Master,2,Finance,5,37.6,23.55
740,29,3,Master,1,Operations,1,44.4,13.32
741,23,2,Master,1,HR,7,33.7,15.67
742,29,2,Bachelor,1,Finance,8,44.7,15.94
743,39,17,Bachelor,6,Finance,9,37.7,46.41
744,42,18,PhD,6,IT,8,43.1,54.33
745,46,18,Bachelor,5,IT,5,47.4,43.46
746,43,20,Bachelor,6,IT,3,45.3,46.31
747,32,4,Master,2,Finance,10,46.9,23.77
748,36,17,Master,5,IT,9,46.5,46.15
749,36,9,Bachelor,3,Finance,6,39.9,26.58
750,39,20,Master,6,Operations,5,44.4,47.84
751,31,5,Master,2,IT,3,35.1,24.52
752,27,0,Bachelor,2,Finance,6,39.3,15.16
753,31,4,PhD,2,IT,3,47.6,26.42
754,27,8,Bachelor,4,IT,10,40.5,34.1
755,31,11,Bachelor,3,Marketing,6,34.5,26.84
756,32,13,Bachelor,5,Finance,4,50.1,37.93
757,29,1,Bachelor,1,Marketing,2,44.2,8.57
758,36,16,PhD,5,IT,8,45.1,50.02
759,41,13,Bachelor,4,Finance,4,38.1,32.6
760,38,12,Bachelor,4,IT,9,43.1,37.48
761,31,8,Bachelor,3,IT,7,43.0,28.26
762,39,14,Master,5,IT,2,38.7,40.17
763,34,14,Master,4,IT,4,41.3,37.11
764,36,10,Bachelor,3,IT,5,36.0,27.07
765,39,15,Bachelor,4,IT,3,40.6,33.41
766,42,16,Master,5,Operations,9,45.9,41.19
767,22,3,Bachelor,1,IT,5,39.0,15.39
768,21,0,Bachelor,1,IT,2,49.6,12.64
769,32,7,Bachelor,3,IT,3,36.3,23.95
770,42,16,Master,5,HR,9,41.0,42.27
771,23,2,Bachelor,1,IT,7,39.4,17.88
772,42,19,Bachelor,5,Operations,2,41.3,36.93
773,33,14,Bachelor,4,Operations,9,47.5,37.96
774,39,14,PhD,4,IT,4,38.1,42.05
775,36,13,Bachelor,4,Finance,9,40.2,34.98
776,39,13,Master,4,IT,2,44.6,35.25
777,27,1,Bachelor,1,HR,10,42.4,13.03
778,39,12,Bachelor,4,Finance,4,42.7,31.29
779,38,13,Master,5,IT,5,38.1,37.55
780,37,18,Bachelor,5,IT,2,41.7,41.24
781,27,6,Master,2,HR,10,46.5,21.64
782,28,2,PhD,1,Finance,1,35.6,17.75
783,35,14,Master,4,IT,7,39.2,37.81
784,39,13,Bachelor,5,HR,10,34.7,35.78
785,29,10,Master,3,Finance,1,44.1,26.89
786,37,14,Bachelor,4,Operations,8,46.9,36.76
787,34,12,Master,5,IT,3,41.3,36.93
788,40,17,Master,5,Marketing,10,38.0,45.39
789,31,5,Master,2,HR,6,38.1,22.29
790,30,2,Bachelor,2,IT,7,40.8,16.91
791,40,18,Bachelor,5,HR,10,40.8,40.63
792,36,14,Bachelor,4,Finance,1,45.6,33.08
793,25,4,Master,2,Operations,6,39.3,19.07
794,34,9,Bachelor,3,IT,7,43.7,30.53
795,27,6,Bachelor,3,HR,6,40.8,22.14
796,37,16,Master,5,IT,4,39.0,42.05
797,34,6,Master,2,Operations,1,40.7,19.29
798,34,11,Bachelor,3,IT,9,43.3,32.48
799,39,16,Master,5,Operations,4,45.7,38.51
800,36,12,Bachelor,4,Operations,7,41.0,31.32
801,45,19,Bachelor,5,IT,7,37.2,43.92
802,31,3,Bachelor,1,Marketing,2,46.0,12.24
803,33,9,Bachelor,4,Operations,1,38.4,25.39
804,21,2,Bachelor,1,IT,8,43.0,16.48
805,34,8,Master,4,Finance,8,41.9,34.21
806,38,12,Bachelor,4,Finance,7,41.4,33.31
807,44,17,Bachelor,5,IT,8,40.1,40.76
808,41,14,PhD,5,IT,3,44.5,43.57
809,23,3,Bachelor,1,IT,2,32.0,12.34
810,34,14,Bachelor,4,IT,7,46.5,35.68
811,22,1,Master,1,Finance,8,38.3,17.04
812,33,14,PhD,4,IT,1,43.6,40.37
813,29,7,Master,2,Operations,10,43.4,25.37
814,29,7,Master,2,Marketing,9,47.1,26.54
815,43,16,Master,5,IT,4,42.8,42.5
816,38,11,Bachelor,3,HR,4,38.7,24.01
817,45,18,Master,5,HR,3,35.6,38.98
818,37,9,Bachelor,3,Operations,6,40.6,26.24
819,33,8,PhD,3,IT,1,34.2,30.77
820,24,4,Bachelor,2,IT,6,39.5,21.32
821,33,5,Master,2,Operations,2,40.8,20.54
822,42,19,Bachelor,6,Operations,9,39.2,45.66
823,23,1,Master,1,Marketing,2,42.2,10.72
824,38,12,Bachelor,4,Marketing,7,41.1,32.46
825,25,5,Master,2,IT,1,40.7,20.61
826,28,4,Master,2,Finance,7,32.3,24.41
827,23,0,Bachelor,2,IT,5,36.8,16.87
828,40,20,Master,6,IT,8,44.6,51.05
829,48,20,Master,6,Marketing,4,45.2,47.4
830,24,5,Master,3,IT,10,34.6,30.03
831,31,5,Bachelor,2,Finance,7,38.7,18.53
832,35,15,Bachelor,5,Operations,6,46.3,38.19
833,28,3,Bachelor,1,IT,5,39.1,15.44
834,37,10,Bachelor,4,Operations,4,41.6,29.73
835,35,8,PhD,3,Operations,7,47.8,32.42
836,28,2,Bachelor,2,Finance,5,40.6,18.63
837,46,18,Master,5,IT,5,40.0,45.06
838,34,7,Bachelor,2,IT,1,41.4,21.28
839,24,4,Bachelor,2,Finance,2,49.4,16.76
840,27,3,Master,2,IT,5,43.8,22.93
841,27,5,Master,2,IT,3,42.1,20.7
842,23,1,Bachelor,1,Operations,2,39.9,9.19
843,42,19,Bachelor,5,IT,4,44.2,40.3
844,31,10,Bachelor,3,Marketing,4,44.6,24.2
845,22,3,Bachelor,1,IT,4,37.7,14.1
846,40,14,Bachelor,4,HR,4,44.7,31.97
847,28,5,Bachelor,2,Operations,3,41.4,16.54
848,37,16,Bachelor,6,IT,7,42.1,44.56
849,33,5,Master,2,IT,9,38.5,26.17
850,43,18,Bachelor,6,HR,5,40.4,42.58
851,26,1,Bachelor,1,Marketing,4,37.9,10.99
852,33,14,Bachelor,5,HR,2,37.7,32.81
853,37,10,Master,3,IT,2,43.5,29.0
854,27,7,Master,3,IT,5,40.6,30.23
855,41,18,Bachelor,5,Operations,7,36.8,41.06
856,35,12,Master,4,Operations,10,50.7,37.31
857,37,11,Bachelor,3,Finance,10,37.5,30.05
858,30,4,Bachelor,3,Marketing,9,46.4,21.92
859,30,5,Bachelor,2,Finance,7,36.1,19.35
860,28,3,Bachelor,1,Finance,5,43.8,12.2
861,42,18,Master,5,IT,10,41.0,46.79
862,43,19,Master,6,Finance,10,39.5,50.74
863,27,0,Bachelor,2,Finance,10,42.8,18.56
864,43,19,Master,5,IT,6,42.2,49.01
865,36,16,Master,6,Finance,3,38.8,42.71
866,31,11,Bachelor,3,Marketing,5,38.6,26.05
867,37,14,Bachelor,4,HR,8,35.7,34.33
868,22,0,Bachelor,1,HR,1,43.2,5.29
869,33,13,Bachelor,4,Operations,1,37.0,26.48
870,26,5,Bachelor,2,IT,7,42.0,23.16
871,29,4,Bachelor,3,Finance,5,44.4,21.87
872,36,10,Bachelor,3,Marketing,5,42.8,25.87
873,27,3,Master,1,Finance,1,39.1,13.7
874,35,12,Master,4,IT,9,45.6,39.59
875,29,10,PhD,4,IT,1,40.4,35.01
876,28,2,Bachelor,1,Operations,5,36.7,11.97
877,21,0,Master,1,Finance,10,40.9,16.88
878,29,5,Master,3,Operations,9,44.3,26.83
879,38,17,Master,5,HR,4,39.3,41.92
880,34,9,Bachelor,3,HR,8,45.5,25.88
881,29,4,Master,3,Marketing,6,38.9,24.15
882,36,9,Bachelor,3,HR,3,39.5,22.42
883,34,11,Bachelor,3,IT,4,37.8,28.58
884,27,1,Bachelor,1,Finance,2,44.7,11.79
885,40,12,Master,4,Marketing,1,41.8,31.6
886,35,7,Bachelor,2,IT,8,38.1,24.73
887,27,1,PhD,2,IT,1,40.4,21.71
888,38,19,Master,6,IT,1,32.0,45.48
889,23,0,Bachelor,1,Operations,4,45.1,9.95
890,25,4,PhD,3,IT,10,41.3,31.43
891,27,8,Bachelor,3,HR,10,32.4,28.95
892,38,16,PhD,5,Finance,6,36.2,46.57
893,34,8,Bachelor,3,Finance,9,40.3,26.6
894,31,10,Bachelor,3,HR,1,36.7,22.26
895,42,14,Master,4,IT,7,45.2,38.05
896,25,5,Master,2,HR,10,43.7,23.35
897,29,2,Master,1,Marketing,5,43.4,14.14
898,44,16,PhD,5,Marketing,8,32.0,45.6
899,27,4,Master,2,IT,7,39.9,22.44
900,36,11,Master,3,Operations,4,39.2,28.95
901,37,17,Master,5,HR,4,38.2,40.22
902,40,13,Master,4,Operations,6,40.3,33.78
903,47,20,Bachelor,6,Finance,6,37.5,45.59
904,32,10,Master,3,Finance,9,42.9,31.63
905,30,8,Bachelor,3,Operations,5,45.1,24.67
906,25,1,Master,2,Operations,8,44.7,19.0
907,39,11,Master,4,Finance,5,41.4,34.96
908,30,2,Master,2,IT,2,50.0,18.03
909,30,2,Master,1,IT,6,46.6,18.12
910,24,0,Master,1,IT,9,41.6,17.85
911,26,7,Bachelor,2,IT,3,40.1,21.55
912,34,7,Master,2,IT,1,47.4,24.26
913,30,10,Bachelor,3,Operations,1,46.0,23.57
914,31,8,Bachelor,3,IT,3,36.4,24.45
915,31,4,Bachelor,2,HR,10,46.3,16.95
916,35,13,Bachelor,4,IT,5,41.4,34.26
917,23,2,Bachelor,1,IT,3,38.6,14.68
918,45,20,Master,6,IT,9,34.1,54.79
919,28,4,Bachelor,2,IT,8,40.9,21.56
920,30,4,Bachelor,2,Marketing,3,42.0,15.61
921,39,18,Bachelor,5,Operations,9,48.3,42.2
922,36,13,Bachelor,5,IT,6,45.8,38.11
923,31,3,Master,1,Finance,7,39.7,20.31
924,34,12,Bachelor,4,Finance,4,43.6,30.42
925,31,9,Bachelor,3,Operations,4,45.3,23.98
926,39,17,Bachelor,5,Marketing,2,42.3,37.49
927,35,7,Bachelor,2,Finance,5,39.7,21.45
928,33,7,Bachelor,2,HR,8,39.9,22.44
929,30,6,Bachelor,2,Marketing,7,43.5,20.31
930,28,7,Master,3,IT,7,43.7,31.91
931,41,13,Master,4,Finance,6,40.8,34.32
932,41,18,Bachelor,5,Operations,3,32.0,34.66
933,29,5,PhD,2,Marketing,5,36.8,26.68
934,23,0,Bachelor,1,Finance,1,44.5,9.72
935,38,14,Bachelor,4,Finance,7,33.5,35.33
936,26,0,PhD,1,IT,9,46.7,23.71
937,41,16,Bachelor,5,Finance,1,46.1,36.23
938,23,0,PhD,1,HR,2,42.2,13.58
939,42,14,Bachelor,5,Finance,3,44.4,35.67
940,25,1,Bachelor,1,Marketing,3,44.1,12.46
941,35,13,Bachelor,4,Operations,8,41.5,33.24
942,47,20,Master,6,IT,7,36.5,51.29
943,29,7,Master,2,Finance,6,45.9,26.01
944,26,7,Master,2,Finance,10,47.6,26.74
945,43,18,Bachelor,5,HR,10,37.2,42.1
946,31,6,Bachelor,2,IT,4,36.4,20.44
947,40,18,Bachelor,5,HR,9,41.5,40.46
948,26,5,Bachelor,2,Operations,1,39.5,17.78
949,31,5,PhD,3,Finance,2,42.6,28.57
950,25,2,Bachelor,1,Operations,4,46.8,11.28
951,34,6,Master,2,Operations,3,33.0,19.97
952,43,18,Master,5,IT,1,48.3,42.66
953,29,7,Bachelor,2,IT,5,40.4,24.66
954,31,9,Master,4,Operations,7,44.0,32.37
955,45,19,Bachelor,5,Operations,2,44.5,40.46
956,40,14,Bachelor,4,IT,5,44.9,33.79
957,34,14,Bachelor,4,IT,6,42.2,35.74
958,21,0,Master,1,IT,7,43.2,17.09
959,40,19,Bachelor,6,Operations,1,43.2,39.66
960,27,6,Bachelor,2,IT,7,39.5,22.44
961,22,3,Bachelor,1,Finance,4,35.0,12.6
962,26,5,Bachelor,3,Marketing,8,37.1,25.39
963,24,0,Master,1,IT,4,41.6,17.64
964,30,4,Master,2,HR,6,38.9,20.6
965,28,0,Bachelor,1,IT,9,38.9,15.39
966,27,3,Bachelor,2,Operations,5,49.2,16.12
967,24,1,Master,1,IT,4,45.4,17.97
968,31,9,Bachelor,3,HR,8,41.0,26.39
969,25,4,Master,3,HR,9,44.7,25.55
970,31,9,Bachelor,3,IT,4,40.3,27.52
971,25,0,Bachelor,1,IT,3,42.4,13.41
972,24,5,Bachelor,2,Finance,8,43.8,21.47
973,37,12,Bachelor,4,IT,5,40.3,32.33
974,33,14,Master,4,Marketing,2,39.3,31.86
975,23,3,Bachelor,1,Marketing,10,46.9,17.6
976,34,12,Master,4,Finance,9,44.5,40.31
977,38,19,Master,5,HR,3,33.0,38.71
978,41,14,Bachelor,4,HR,2,39.3,30.76
979,31,7,Master,3,Marketing,1,38.9,22.8
980,23,4,Bachelor,2,Finance,8,39.5,19.89
981,33,14,Bachelor,4,IT,3,45.4,35.18
982,27,3,Master,1,IT,7,42.1,20.16
983,33,11,Bachelor,4,Finance,1,36.4,28.31
984,34,12,Master,5,Finance,1,40.5,35.66
985,25,1,Bachelor,2,Finance,9,44.2,18.13
986,43,18,Master,5,IT,8,41.1,47.66
987,45,18,Master,5,Marketing,3,39.4,40.63
988,31,3,Master,1,IT,6,43.3,18.25
989,26,3,Master,1,IT,3,48.5,17.31
990,37,10,Master,3,Finance,4,43.8,25.76
991,26,4,Master,2,IT,1,47.2,21.09
992,47,19,Master,5,HR,5,39.7,43.44
993,30,10,Bachelor,4,IT,1,42.0,27.85
994,30,9,Bachelor,3,Finance,1,41.9,24.25
995,26,7,Bachelor,2,Finance,10,42.5,25.07
996,29,5,PhD,2,IT,7,43.8,28.6
997,29,5,Bachelor,2,IT,6,38.3,23.26
998,26,7,Bachelor,2,Operations,2,44.6,17.69
999,35,14,Bachelor,5,Finance,2,35.5,36.75
1000,36,13,Master,4,Finance,7,36.7,34.67
1001,31,10,Master,3,IT,1,50.5,29.27
1002,39,11,Bachelor,3,Finance,2,40.0,25.57
1003,33,12,Bachelor,4,Finance,8,44.9,34.04
1004,35,7,Master,2,Finance,6,48.8,26.31
1005,38,17,Bachelor,5,Marketing,2,32.7,39.74
1006,23,0,Bachelor,1,IT,7,46.5,15.82
1007,37,14,Master,4,IT,4,44.6,37.7
1008,29,7,Master,2,Marketing,2,48.6,20.52
1009,29,10,Bachelor,3,Operations,6,37.3,23.52
1010,34,11,Master,3,IT,9,47.8,36.83
1011,39,11,Master,3,Finance,9,39.0,32.56
1012,26,3,Bachelor,1,IT,8,46.2,21.57
1013,37,15,PhD,5,IT,3,41.9,45.89
1014,27,3,Master,1,IT,3,45.1,18.52
1015,32,4,Master,2,IT,2,42.2,21.75
1016,26,4,Master,2,Marketing,5,34.6,20.6
1017,32,7,Bachelor,2,Finance,4,32.0,18.98
1018,34,9,Bachelor,4,IT,7,42.8,30.12
1019,36,16,Bachelor,5,IT,4,40.9,38.61
1020,29,8,Bachelor,3,Marketing,9,43.6,27.02
1021,37,18,Bachelor,5,IT,2,41.0,38.9
1022,39,13,Master,4,HR,6,50.1,33.51
1023,34,7,Master,2,IT,7,42.9,26.23
1024,30,8,Master,3,HR,4,40.2,26.76
1025,34,10,Master,4,IT,6,43.3,36.36
1026,27,0,Master,2,IT,7,40.3,21.18
1027,37,13,Bachelor,4,IT,4,42.4,34.35
1028,31,4,Bachelor,2,IT,8,37.1,20.41
1029,42,20,Bachelor,6,Finance,9,42.0,46.76
1030,39,13,Master,4,HR,1,40.1,31.38
1031,30,3,Bachelor,2,IT,7,37.5,19.09
1032,22,0,Master,1,IT,9,49.9,19.97
1033,41,18,Bachelor,5,Finance,10,37.7,41.6
1034,33,7,Master,2,HR,5,42.0,20.28
1035,42,14,Master,4,Operations,2,38.8,33.79
1036,44,20,Master,6,HR,10,43.2,50.69
1037,39,14,PhD,4,Finance,6,36.9,40.1
1038,29,8,Master,4,Finance,7,45.4,31.26
1039,45,20,PhD,6,Operations,2,50.1,46.66
1040,34,8,PhD,3,Marketing,2,38.6,31.3
1041,37,9,Master,4,IT,10,46.9,37.64
1042,43,19,Master,5,IT,10,40.5,47.96
1043,48,20,Bachelor,6,IT,1,48.0,44.05
1044,35,8,Bachelor,3,Finance,4,50.8,23.07
1045,26,2,Master,1,Marketing,7,41.1,17.78
1046,46,19,Bachelor,5,Finance,9,35.9,45.57
1047,32,10,Bachelor,3,IT,3,45.8,26.57
1048,31,5,PhD,2,Marketing,7,42.9,29.79
1049,23,1,Master,1,Marketing,7,44.0,16.28
1050,26,6,Master,2,IT,7,40.6,28.1
1051,45,17,Bachelor,5,HR,2,38.5,35.5
1052,28,1,Bachelor,1,Finance,6,46.6,14.35
1053,39,16,Bachelor,5,Operations,2,43.3,37.38
1054,32,10,Bachelor,3,Marketing,6,36.2,27.14
1055,31,11,Bachelor,4,Finance,10,44.7,34.98
1056,37,18,Bachelor,5,HR,3,43.9,34.73
1057,31,6,PhD,2,Operations,2,40.7,22.05
1058,43,19,Master,6,Finance,6,48.5,48.98
1059,25,5,Bachelor,2,IT,2,39.5,20.67
1060,46,20,Bachelor,6,Marketing,5,41.3,44.21
1061,22,0,Bachelor,1,IT,2,45.1,11.2
1062,42,16,Bachelor,6,IT,3,42.3,39.73
1063,35,10,PhD,3,Operations,3,36.5,29.83
1064,40,17,Bachelor,6,Marketing,6,42.7,42.42
1065,48,20,Bachelor,6,Finance,6,40.3,44.6
1066,44,16,Bachelor,5,IT,10,45.4,42.37
1067,32,6,Bachelor,2,IT,3,42.6,20.6
1068,43,16,Master,5,IT,3,42.4,43.48
1069,42,19,Master,6,IT,1,37.8,46.65
1070,36,8,Master,3,Marketing,7,41.1,28.88
1071,39,16,Bachelor,5,IT,8,45.9,42.5
1072,39,19,Master,6,Finance,2,38.9,45.72
1073,30,7,Master,2,IT,4,41.9,24.97
1074,37,16,Master,5,Operations,10,38.3,42.47
1075,31,6,Bachelor,3,IT,7,37.3,26.92
1076,28,0,Bachelor,1,IT,8,41.7,15.27
1077,35,12,Master,4,IT,1,42.7,32.44
1078,44,18,Master,6,HR,4,50.0,46.13
1079,37,18,Bachelor,5,HR,6,40.2,36.47
1080,37,16,Bachelor,5,Finance,3,41.8,39.02
1081,33,12,Bachelor,4,Finance,5,37.0,32.12
1082,42,15,Master,4,IT,10,44.4,41.24
1083,30,7,Bachelor,2,Finance,9,43.6,24.02
1084,45,18,PhD,5,Finance,3,48.0,45.88
1085,44,17,Bachelor,5,IT,5,46.4,42.18
1086,21,0,PhD,1,IT,8,43.4,23.62
1087,33,13,Master,4,IT,6,40.1,38.31
1088,41,18,Bachelor,5,IT,4,42.8,42.02
1089,36,14,Master,4,HR,8,41.6,36.39
1090,45,17,Bachelor,5,IT,3,45.8,41.98
1091,28,1,PhD,1,IT,3,45.3,21.89
1092,41,16,Master,6,IT,4,40.8,44.89
1093,41,17,Bachelor,5,Operations,9,36.2,40.97
1094,30,5,Master,2,Operations,5,47.3,22.35
1095,37,18,PhD,6,IT,8,44.3,53.73
1096,22,3,Bachelor,1,IT,6,40.7,16.3
1097,26,0,Master,1,IT,3,44.2,16.94
1098,27,7,Master,3,Finance,8,42.3,29.42
1099,34,6,Master,2,IT,9,47.3,28.25
1100,29,2,Bachelor,2,HR,8,34.3,18.03
1101,34,9,Bachelor,3,Finance,4,40.4,28.42
1102,33,9,Bachelor,4,Operations,6,48.4,28.39
1103,37,18,Master,5,IT,1,44.3,42.03
1104,32,13,Bachelor,4,Marketing,4,49.1,31.77
1105,21,1,PhD,2,Marketing,8,37.1,23.83
1106,24,0,Bachelor,2,IT,1,46.3,15.01
1107,41,17,Master,6,IT,3,46.0,45.49
1108,26,6,Bachelor,3,IT,1,35.3,20.45
1109,26,7,Bachelor,2,IT,9,40.8,27.37
1110,28,0,Bachelor,2,IT,2,41.6,15.56
1111,25,2,Bachelor,1,Finance,9,35.5,15.39
1112,30,7,Master,2,Finance,4,40.9,24.05
1113,34,14,PhD,4,Operations,2,45.5,39.64
1114,28,4,Master,3,IT,4,40.4,24.69
1115,29,2,PhD,1,Operations,10,43.0,22.89
1116,38,18,Master,5,IT,6,43.0,43.77
1117,28,0,Master,2,Marketing,7,42.0,18.47
1118,34,14,Master,4,IT,3,39.2,37.33
1119,28,7,Master,3,IT,3,44.6,26.53
1120,26,1,Bachelor,2,Operations,10,35.7,17.18
1121,26,2,Master,2,IT,8,42.0,24.42
1122,39,13,Bachelor,4,HR,5,47.5,31.91
1123,39,13,Master,4,Finance,4,40.2,33.58
1124,34,10,Master,3,Finance,7,39.1,31.53
1125,43,15,Bachelor,4,Finance,7,44.9,36.66
1126,24,3,Bachelor,1,Marketing,9,42.7,16.45
1127,40,19,PhD,5,IT,9,45.0,53.71
1128,23,4,Master,3,HR,5,42.2,22.22
1129,45,20,Bachelor,6,Operations,8,32.4,45.29
1130,36,13,Master,4,IT,10,46.7,39.49
1131,37,15,Master,4,IT,1,50.3,35.1
1132,45,17,Bachelor,5,Marketing,9,47.1,42.31
1133,28,6,PhD,2,Finance,8,32.0,28.58
1134,31,9,Master,3,Finance,6,43.8,29.4
1135,30,6,Bachelor,2,IT,3,40.1,19.18
1136,26,0,Master,1,Finance,3,37.7,14.46
1137,46,20,Master,6,IT,8,42.5,49.79
1138,41,18,Bachelor,5,Finance,5,41.4,41.35
1139,39,15,Bachelor,4,Marketing,10,44.0,37.41
1140,40,18,Bachelor,6,IT,7,42.2,44.48
1141,30,3,Master,1,Finance,5,37.5,17.45
1142,43,17,Master,5,Operations,8,39.7,45.81
1143,29,1,Master,1,HR,10,39.0,18.4
1144,28,0,PhD,1,Marketing,10,35.1,19.81
1145,33,14,Master,4,Finance,4,36.5,36.38
1146,24,4,Bachelor,2,Marketing,2,41.2,14.0
1147,46,19,Bachelor,5,IT,3,47.7,40.07
1148,36,10,Bachelor,3,IT,8,39.9,30.21
1149,30,9,Bachelor,3,IT,7,39.0,29.38
1150,27,1,Master,1,Finance,2,37.3,14.61
1151,21,2,Master,1,Marketing,6,42.1,17.46
1152,39,11,Bachelor,3,IT,9,46.7,32.93
1153,41,19,Master,5,HR,4,50.0,40.11
1154,25,4,Master,2,Marketing,9,43.1,23.32
1155,28,4,Bachelor,2,HR,2,42.6,15.97
1156,30,5,Bachelor,2,IT,2,39.8,19.47
1157,30,8,Bachelor,4,Finance,9,40.5,31.21
1158,26,1,Bachelor,2,IT,7,44.5,19.56
1159,47,20,PhD,6,IT,7,40.7,55.18
1160,31,11,Bachelor,3,Operations,1,41.4,21.35
1161,23,2,Bachelor,1,IT,6,41.9,17.34
1162,42,19,Bachelor,5,IT,7,39.6,43.54
1163,32,11,PhD,3,Operations,6,41.7,34.84
1164,42,16,Bachelor,5,IT,6,33.9,37.25
1165,37,9,Bachelor,3,HR,2,44.2,24.38
1166,39,13,Bachelor,5,IT,6,51.4,37.47
1167,42,16,Bachelor,5,IT,4,39.8,42.23
1168,44,17,Bachelor,5,IT,9,43.5,46.12
1169,40,18,Master,5,IT,1,45.4,40.79
1170,39,16,Bachelor,6,Finance,8,47.1,45.05
1171,36,13,Bachelor,4,Marketing,5,40.9,30.45
1172,34,8,Master,4,Finance,1,34.8,27.57
1173,32,7,Bachelor,3,Operations,4,43.1,21.66
1174,28,1,Bachelor,2,IT,1,42.5,15.64
1175,38,12,Bachelor,4,Finance,6,40.6,32.84
1176,26,6,PhD,2,HR,2,41.5,21.98
1177,36,8,Bachelor,3,Operations,5,42.6,24.39
1178,32,10,Master,4,IT,7,43.4,35.88
1179,37,13,Master,4,Finance,2,43.3,31.73
1180,23,3,Bachelor,2,Operations,6,41.1,16.42
1181,37,12,PhD,4,IT,6,43.5,43.17
1182,22,1,Bachelor,1,Operations,5,40.9,10.89
1183,25,4,Bachelor,2,IT,5,44.6,18.22
1184,30,10,Master,3,Marketing,3,39.5,28.49
1185,31,5,Master,2,Operations,10,42.3,23.22
1186,41,17,Master,5,HR,10,35.5,43.35
1187,39,20,Bachelor,6,Finance,2,40.5,42.83
1188,28,9,Bachelor,3,IT,7,44.3,31.26
1189,28,3,Master,1,Operations,1,37.9,13.03
1190,34,8,Bachelor,4,Finance,6,40.7,27.68
1191,28,5,Bachelor,3,IT,6,32.4,23.58
1192,24,1,Bachelor,1,HR,3,36.5,7.75
1193,38,16,Bachelor,5,Finance,2,37.6,35.96
1194,28,4,Master,2,IT,2,42.4,23.42
1195,29,5,Bachelor,2,IT,9,43.3,25.26
1196,32,11,PhD,4,IT,5,41.8,41.99
1197,47,20,Bachelor,6,Finance,7,40.5,46.87
1198,34,9,Master,3,HR,5,40.5,27.21
1199,39,20,Bachelor,6,Finance,7,44.9,45.44
1200,30,5,Bachelor,3,Marketing,4,42.9,21.51
1201,30,7,Bachelor,3,Operations,8,40.7,24.65
1202,24,1,Bachelor,1,HR,10,47.2,15.56
1203,31,11,Bachelor,4,IT,10,49.8,35.09
1204,34,12,PhD,4,HR,7,37.0,37.87
1205,44,20,Master,6,Finance,10,44.1,49.64
1206,34,6,Bachelor,3,Finance,5,54.4,25.01
1207,34,9,Bachelor,4,HR,6,43.1,28.91
1208,35,12,Bachelor,4,IT,5,42.5,31.5
1209,43,16,Master,5,Operations,7,41.8,39.69
1210,41,20,Master,6,IT,2,44.0,46.26
1211,32,13,PhD,4,HR,5,45.0,37.79
1212,23,1,Bachelor,1,IT,10,37.0,15.63
1213,37,10,Bachelor,4,Operations,3,41.9,29.06
1214,22,0,Bachelor,1,IT,9,32.9,16.01
1215,38,18,Master,5,IT,6,41.2,46.01
1216,48,20,Master,6,IT,10,38.4,50.67
1217,26,3,Master,1,IT,3,43.4,19.52
1218,39,18,Master,5,IT,7,35.4,46.26
1219,47,20,Bachelor,6,HR,4,40.0,41.48
1220,32,10,Master,3,Finance,3,45.9,27.17
1221,31,7,Bachelor,3,IT,8,39.3,27.6
1222,30,10,Master,3,IT,4,34.4,29.69
1223,27,3,Bachelor,1,Marketing,1,43.0,10.63
1224,37,16,Bachelor,5,HR,6,39.7,36.13
1225,33,6,PhD,2,Marketing,10,41.3,30.47
1226,27,7,Master,3,HR,1,39.1,19.51
1227,29,2,Master,1,IT,5,49.9,20.66
1228,24,1,Bachelor,1,IT,7,35.8,16.46
1229,40,14,Master,4,IT,6,53.3,39.92
1230,24,4,Bachelor,2,Marketing,2,40.4,15.46
1231,24,0,Master,1,Operations,4,42.7,14.32
1232,24,3,Bachelor,1,Finance,2,39.7,12.48
1233,42,14,PhD,4,IT,1,39.5,38.98
1234,42,19,PhD,5,IT,3,38.9,49.38
1235,44,18,Master,5,IT,3,44.4,46.11
1236,30,2,Bachelor,1,Finance,7,36.4,13.5
1237,38,19,Bachelor,5,IT,1,43.5,40.59
1238,33,10,Master,3,Operations,9,33.3,29.11
1239,37,16,Bachelor,5,IT,6,43.1,41.35
1240,34,12,Master,5,Operations,4,45.4,35.3
1241,30,10,Bachelor,3,Marketing,3,36.9,25.76
1242,28,1,Bachelor,2,Marketing,3,44.7,13.96
1243,29,8,PhD,3,HR,2,42.2,28.43
1244,21,1,Master,1,HR,2,48.4,14.48
1245,48,20,Master,6,HR,10,38.6,48.21
1246,35,8,Master,3,HR,5,53.3,28.04
1247,33,8,Bachelor,3,Finance,9,32.4,26.38
1248,31,7,Master,2,Operations,2,40.7,22.14
1249,35,16,Bachelor,5,Marketing,2,35.2,37.16
1250,23,0,PhD,2,Marketing,6,49.4,22.24
1251,31,10,Master,4,Operations,10,41.0,32.25
1252,26,7,Bachelor,2,IT,2,41.3,19.93
1253,31,9,Master,3,IT,4,43.8,33.07
1254,26,6,Master,2,Finance,6,42.0,23.35
1255,22,2,Bachelor,1,Finance,5,39.6,15.74
1256,23,2,PhD,1,Marketing,1,37.0,16.08
1257,43,17,Bachelor,5,Finance,6,42.7,39.31
1258,30,4,Bachelor,2,Finance,1,43.5,17.17
1259,36,11,Bachelor,3,Finance,3,44.8,27.58
1260,35,11,Bachelor,3,IT,10,49.7,34.25
1261,45,18,Master,5,HR,5,33.3,40.52
1262,27,5,Master,3,Marketing,10,41.7,29.23
1263,21,1,Master,2,IT,5,46.8,22.2
1264,37,11,Master,3,HR,10,41.5,33.45
1265,43,18,Bachelor,5,HR,6,32.6,37.36
1266,29,4,Bachelor,2,IT,10,36.8,24.28
1267,32,11,Bachelor,3,IT,8,43.3,30.79
1268,38,16,Bachelor,6,Operations,5,43.2,40.12
1269,44,16,Master,5,IT,1,44.7,40.41
1270,36,9,Bachelor,3,IT,5,38.9,26.21
1271,40,16,Bachelor,5,IT,3,43.0,36.71
1272,37,14,Bachelor,5,HR,4,38.2,35.32
1273,32,11,PhD,3,HR,8,43.0,34.05
1274,42,15,PhD,5,HR,7,42.2,43.65
1275,41,18,Master,5,IT,5,38.7,43.57
1276,30,7,PhD,2,Operations,2,48.2,25.0
1277,42,20,Master,6,IT,6,35.2,49.11
1278,38,16,Master,5,IT,6,41.4,45.15
1279,23,4,Bachelor,2,Finance,10,38.6,20.98
1280,40,15,Master,4,IT,10,49.3,44.85
1281,32,5,Master,2,Operations,6,44.4,23.27
1282,28,7,Master,2,Operations,9,39.4,24.58
1283,37,17,Master,5,IT,8,40.9,46.11
1284,32,11,Bachelor,3,Operations,8,49.4,29.53
1285,33,14,Master,4,Marketing,1,38.2,33.72
1286,32,8,PhD,3,Operations,5,34.9,31.37
1287,37,12,Bachelor,4,IT,7,43.2,35.03
1288,34,14,Master,4,Finance,6,43.3,36.22
1289,35,9,Bachelor,3,IT,5,44.7,28.65
1290,39,15,Master,4,Marketing,8,44.7,38.34
1291,28,6,Master,3,IT,3,49.1,24.03
1292,39,16,Bachelor,5,Finance,6,35.1,39.08
1293,46,20,Master,6,IT,5,37.2,48.35
1294,27,6,Bachelor,2,IT,8,44.6,23.52
1295,34,13,Master,4,HR,4,37.6,32.77
1296,36,14,Bachelor,4,Operations,8,36.2,31.73
1297,39,20,Master,6,HR,10,49.5,50.13
1298,33,6,Bachelor,2,Operations,2,35.5,16.06
1299,34,8,Master,3,IT,9,40.6,31.25
1300,44,18,Bachelor,6,Finance,9,41.8,46.05
1301,43,15,Master,4,Finance,10,47.2,39.1
1302,31,7,PhD,3,IT,10,34.5,35.7
1303,42,17,PhD,5,Finance,6,43.7,47.71
1304,41,17,Master,6,HR,4,38.4,42.99
1305,46,19,Master,5,HR,4,44.5,42.56
1306,27,6,Bachelor,2,Marketing,6,38.4,21.17
1307,23,2,Bachelor,1,Finance,5,48.3,14.22
1308,38,17,Bachelor,5,IT,6,38.4,42.54
1309,37,9,Master,4,IT,7,32.2,34.27
1310,27,6,PhD,2,HR,7,38.8,25.61
1311,43,16,Bachelor,5,IT,9,41.0,42.06
1312,35,13,PhD,4,IT,8,46.3,43.87
1313,27,2,Master,2,Finance,6,37.0,21.56
1314,38,11,Master,3,Finance,6,37.0,31.11
1315,37,12,Bachelor,4,IT,5,45.8,32.91
1316,28,1,Bachelor,1,Marketing,1,36.5,10.65
1317,23,2,Master,1,HR,9,41.3,15.63
1318,26,4,Master,3,IT,9,41.4,28.16
1319,36,10,Bachelor,3,Marketing,9,42.9,29.75
1320,31,7,Master,2,HR,8,39.0,26.09
1321,34,11,Master,3,HR,10,38.3,32.39
1322,28,6,Master,2,Finance,3,43.3,22.51
1323,40,14,PhD,4,IT,1,38.4,38.87
1324,35,16,Bachelor,5,HR,8,36.6,38.69
1325,30,3,Bachelor,2,IT,7,46.9,21.21
1326,31,12,Master,4,Operations,5,44.0,32.66
1327,43,17,Bachelor,5,Marketing,10,49.1,41.81
1328,22,0,Bachelor,1,HR,7,45.1,10.62
1329,42,15,Bachelor,4,IT,10,36.9,38.82
1330,35,12,Bachelor,4,IT,4,42.4,32.99
1331,30,9,Bachelor,3,IT,9,37.9,31.89
1332,38,11,Bachelor,3,Finance,10,35.4,29.87
1333,28,1,Bachelor,1,IT,2,40.2,12.15
1334,24,2,Bachelor,2,Finance,9,45.9,21.43
1335,31,9,Master,4,IT,9,43.1,38.71
1336,27,1,Master,2,Operations,5,36.4,17.78
1337,32,12,Master,4,IT,1,40.1,33.35
1338,39,12,Bachelor,4,Operations,7,41.4,31.09
1339,41,17,Bachelor,5,Operations,10,35.2,38.35
1340,29,2,Master,1,Finance,10,44.9,19.18
1341,32,6,Master,2,Marketing,4,41.1,21.81
1342,38,13,Bachelor,4,Finance,9,36.4,34.69
1343,38,19,Bachelor,5,HR,6,36.2,39.99
1344,37,16,PhD,5,IT,3,46.4,45.83
1345,40,20,Bachelor,6,IT,6,40.5,46.27
1346,34,11,Bachelor,3,Finance,10,46.8,31.9
1347,38,15,Master,5,Finance,6,48.3,44.82
1348,34,11,Bachelor,3,Finance,5,46.1,27.81
1349,36,14,Bachelor,5,IT,2,39.9,36.36
1350,32,9,Bachelor,3,IT,10,32.0,31.13
1351,27,6,Master,2,IT,10,43.3,27.58
1352,38,19,Bachelor,5,IT,2,50.4,42.81
1353,27,4,Bachelor,2,IT,7,41.9,19.61
1354,27,0,Bachelor,1,IT,2,34.0,10.53
1355,43,16,Master,5,IT,6,39.3,43.07
1356,24,2,Bachelor,1,Marketing,5,41.3,12.94
1357,33,12,PhD,5,IT,4,37.6,40.24
1358,32,13,Bachelor,4,HR,7,32.0,32.88
1359,37,17,PhD,6,IT,8,41.6,53.48
1360,29,3,PhD,2,Operations,4,38.9,23.81
1361,36,17,Bachelor,6,Finance,1,49.1,42.46
1362,30,4,Bachelor,2,IT,1,42.4,16.75
1363,40,15,Bachelor,4,Finance,1,43.9,29.02
1364,26,0,Bachelor,1,IT,1,41.5,12.35
1365,44,20,Master,6,Finance,5,42.4,47.8
1366,40,13,Bachelor,5,IT,4,35.4,34.92
1367,35,14,Bachelor,4,Operations,9,37.8,35.07
1368,36,8,Bachelor,4,Finance,3,46.4,30.52
1369,36,14,PhD,4,IT,7,42.8,43.34
1370,40,16,Bachelor,5,Marketing,8,40.4,40.47
1371,29,3,Bachelor,1,IT,6,43.9,15.78
1372,34,11,Bachelor,3,Marketing,10,44.0,28.25
1373,25,4,PhD,3,Finance,1,50.0,28.05
1374,28,4,Master,2,Marketing,8,42.7,23.37
1375,32,10,Bachelor,4,IT,10,37.7,34.06
1376,32,5,Bachelor,2,Marketing,3,41.5,19.27
1377,27,6,Bachelor,2,Marketing,8,44.4,19.43
1378,35,13,Bachelor,4,IT,4,46.0,32.45
1379,35,10,PhD,4,IT,8,35.5,39.49
1380,37,12,Master,4,IT,1,43.0,33.46
1381,23,1,Bachelor,1,Operations,3,38.4,11.63
1382,30,6,Master,2,IT,6,39.7,25.44
1383,40,19,Bachelor,6,Finance,9,45.4,46.9
1384,27,3,Master,1,IT,2,45.0,15.93
1385,27,7,Master,2,IT,1,39.3,24.25
1386,45,19,Bachelor,5,Finance,10,41.4,42.9
1387,40,20,Master,6,Operations,3,39.9,43.61
1388,43,18,Bachelor,5,Finance,4,53.6,40.01
1389,39,12,Bachelor,4,Marketing,5,43.1,31.19
1390,32,13,Bachelor,5,Finance,3,38.6,33.52
1391,35,9,Bachelor,3,IT,10,47.3,32.18
1392,35,10,Master,3,IT,2,47.4,29.65
1393,25,1,PhD,1,Finance,2,49.2,19.85
1394,32,8,Master,3,Operations,7,50.4,29.39
1395,40,16,Master,5,Operations,9,44.8,44.98
1396,29,2,Master,1,IT,10,40.6,20.92
1397,25,5,Bachelor,3,IT,2,41.2,23.26
1398,23,4,Bachelor,2,IT,7,40.8,19.27
1399,28,4,Bachelor,3,Operations,7,40.4,25.05
1400,42,14,Master,4,Operations,7,47.0,37.76
1401,42,16,PhD,5,Marketing,3,42.0,42.85
1402,29,8,Bachelor,4,IT,7,45.9,31.31
1403,30,2,Master,1,Finance,1,44.7,14.13
1404,38,19,Master,5,Finance,10,37.6,49.17
1405,43,16,Master,5,IT,1,35.1,40.94
1406,28,9,Bachelor,3,Finance,5,37.1,25.24
1407,23,2,Bachelor,1,IT,2,40.3,11.74
1408,43,17,Bachelor,5,IT,9,42.5,44.94
1409,38,17,Bachelor,5,Operations,7,39.4,39.96
1410,38,16,Bachelor,5,Marketing,4,44.8,37.93
1411,28,2,Master,1,Finance,4,39.9,15.89
1412,21,2,Bachelor,2,Finance,2,43.0,14.78
1413,29,5,Master,3,IT,5,42.5,29.32
1414,31,12,Bachelor,4,Marketing,4,48.9,32.95
1415,33,14,Master,5,Marketing,1,38.1,36.67
1416,34,8,Bachelor,3,Marketing,8,50.8,28.13
1417,25,3,Master,1,Marketing,3,39.6,15.45
1418,32,13,PhD,5,IT,6,36.6,43.03
1419,32,4,Bachelor,3,IT,4,41.1,21.51
1420,26,1,Bachelor,1,Finance,9,55.0,17.98
1421,33,10,Master,4,IT,7,45.6,37.83
1422,31,8,Bachelor,3,Marketing,9,44.4,28.37
1423,21,2,Bachelor,1,IT,10,45.2,19.23
1424,36,8,Bachelor,3,IT,3,38.9,26.57
1425,26,2,Bachelor,2,IT,1,43.3,15.94
1426,28,1,Master,2,Operations,5,42.0,18.41
1427,38,11,Bachelor,3,IT,3,49.2,28.39
1428,35,9,Master,3,HR,6,41.6,26.51
1429,31,8,Master,4,Finance,8,40.5,34.38
1430,33,14,Master,5,IT,4,37.3,41.81
1431,34,7,Master,2,Finance,5,42.6,27.28
1432,23,4,Master,2,Marketing,5,43.2,21.12
1433,36,10,Bachelor,3,Finance,4,37.2,24.72
1434,24,1,Master,1,Operations,4,43.8,13.56
1435,35,14,Master,4,IT,4,42.9,37.37
1436,30,5,Master,2,IT,4,46.1,23.92
1437,32,7,Master,2,Operations,4,46.8,23.06
1438,31,4,Bachelor,2,IT,5,42.4,20.68
1439,40,15,Bachelor,4,Finance,2,37.9,33.11
1440,38,17,Master,5,Marketing,2,38.7,39.38
1441,24,5,Bachelor,2,IT,9,49.0,21.55
1442,30,4,Master,2,Marketing,2,42.7,19.09
1443,36,15,Bachelor,4,IT,6,49.0,37.27
1444,38,12,Bachelor,5,IT,2,44.0,35.48
1445,30,4,Bachelor,3,IT,5,45.0,23.22
1446,35,12,Bachelor,4,Marketing,4,45.8,30.83
1447,35,16,Bachelor,5,IT,7,37.1,41.59
1448,45,17,Bachelor,5,Marketing,7,43.2,39.56
1449,32,7,PhD,2,Operations,6,37.1,27.83
1450,40,12,Master,4,Finance,10,40.9,38.16
1451,41,18,Bachelor,5,Finance,5,44.6,40.61
1452,28,2,Master,1,Finance,1,37.9,10.37
1453,34,7,Master,2,IT,3,44.2,23.26
1454,26,1,Master,2,Finance,9,36.0,19.91
1455,32,7,Bachelor,2,HR,1,46.6,17.29
1456,31,12,Master,4,Operations,5,39.3,34.72
1457,34,12,Master,4,Operations,2,37.9,30.99
1458,21,0,Bachelor,1,Operations,4,36.3,10.52
1459,25,5,Bachelor,2,Operations,1,39.7,16.05
1460,38,18,Master,5,Finance,3,34.4,41.47
1461,37,15,Bachelor,4,HR,10,39.8,36.22
1462,26,7,Master,2,Operations,7,46.4,24.71
1463,22,0,Bachelor,1,IT,10,41.2,16.63
1464,35,15,PhD,5,Operations,3,37.3,41.95
1465,31,8,Master,4,Finance,4,42.9,32.67
1466,33,12,Bachelor,4,HR,2,42.6,28.58
1467,36,10,Bachelor,3,Marketing,3,49.8,25.6
1468,34,12,Master,4,Operations,9,45.2,35.21
1469,39,20,Master,6,IT,3,43.2,50.11
1470,28,9,Master,4,Marketing,5,45.6,29.96
1471,31,3,Bachelor,1,Finance,2,41.5,10.62
1472,26,5,Bachelor,2,IT,4,41.7,20.83
1473,33,6,Bachelor,2,Marketing,7,48.6,20.18
1474,29,4,Master,2,Finance,7,35.5,23.8
1475,30,10,Bachelor,4,HR,3,45.9,25.2
1476,39,12,Bachelor,5,IT,5,41.6,37.73
1477,46,18,Master,6,Finance,1,40.8,44.7
1478,29,9,PhD,3,HR,10,39.8,34.38
1479,30,9,Bachelor,4,Finance,10,42.6,30.14
1480,38,10,Bachelor,3,IT,10,41.8,29.68
1481,40,20,Master,6,Operations,1,40.3,44.16
1482,27,6,Master,3,Finance,5,39.2,26.11
1483,41,17,Bachelor,5,Marketing,10,34.4,41.87
1484,30,3,PhD,1,Finance,9,39.1,23.95
1485,28,1,Master,1,IT,1,40.0,14.51
1486,38,13,Bachelor,4,Finance,1,42.6,27.3
1487,33,12,Bachelor,4,Finance,4,49.9,32.88
1488,33,11,Bachelor,3,Finance,4,39.5,26.23
1489,30,6,Master,2,Finance,2,37.9,20.65
1490,24,1,Bachelor,2,Finance,9,39.1,17.24
1491,32,12,Master,4,IT,9,42.6,37.21
1492,37,13,Master,4,Finance,2,44.4,35.77
1493,37,16,Bachelor,5,IT,9,44.9,43.8
1494,34,8,Master,3,IT,6,45.3,31.7
1495,36,16,PhD,5,Operations,8,45.9,46.01
1496,26,7,Bachelor,3,HR,10,40.9,23.54
1497,28,1,Bachelor,1,HR,4,50.2,13.49
1498,33,12,Bachelor,4,Finance,2,40.6,30.35
1499,21,2,Master,2,Operations,2,42.4,16.76
